tag,guess,name
male,female,Joe
male,female,Kendal
female,male,Shanon
female,male,Fallon
male,female,Reggie
female,male,Jourdan
female,male,Rosalynd
male,female,Durante
male,female,Mel
male,female,Vasilis
male,female,Noe
male,female,Sidnee
female,male,Glad
male,female,Shaine
male,female,Alejandro
female,male,Berthe
male,female,Radcliffe
male,female,Neall
female,male,Regan
male,female,Uli
female,male,Grier
male,female,Nikki
male,female,Emery
female,male,Lisbeth
male,female,Cyrille
male,female,Marietta
male,female,Kalil
female,male,Opal
male,female,Nickie
male,female,Kalman
male,female,Locke
female,male,Charlot
male,female,Chanderjit
female,male,Dion
male,female,Quillan
male,female,Chaunce
male,female,Jay
female,male,Bunny
male,female,Frankie
male,female,Zackariah
male,female,Kennedy
male,female,Danie
female,male,Sapphire
female,male,Sheree
male,female,Arvy
male,female,Chaddie
male,female,Nevin
female,male,Kerry
female,male,Rochette
male,female,Tammie
female,male,Suellen
female,male,Poppy
male,female,Louie
male,female,Jimmy
female,male,Wilone
female,male,Rodie
female,male,Josey
male,female,Ronnie
male,female,Angel
female,male,Noreen
male,female,Laurance
male,female,Nichole
female,male,Bonny
male,female,Lennie
male,female,Davin
female,male,Glen
female,male,Sibyl
female,male,Pen
female,male,Josy
male,female,Tracey
male,female,Emmery
male,female,Peirce
male,female,Pattie
female,male,Violet
male,female,Verne
female,male,Brooke
male,female,Teddie
male,female,Galen
female,male,Stoddard
male,female,Leroy
male,female,Tanny
male,female,Jere
female,male,Bobbette
female,male,Gusti
female,male,Doro
male,female,Binky
male,female,Clayborne
female,male,Sheelagh
female,male,Cherish
female,male,Dorree
female,male,Harriett
male,female,Clemens
male,female,Claire
female,male,Audre
male,female,Isa
male,female,Jan
female,male,Dotty
male,female,Mordecai
male,female,Reagan
male,female,Fairfax
male,female,Sonnie
female,male,Dominique
male,female,Geri
male,female,Christian
female,male,Gertrude
female,male,Flossy
female,male,Farrand
male,female,Smitty
female,male,Tootsie
male,female,Terrence
female,male,Sydney
female,male,Thomasine
female,male,Myriam
female,male,Gwyneth
female,male,Bell
female,male,Gus
female,male,Stephi
female,male,Whitney
female,male,Winifred
female,male,Wendy
female,male,Dorthy
male,female,Udale
male,female,Mendel
female,male,Phyllis
male,female,Haley
female,male,Brit
female,male,Eleanor
female,male,Freddy
male,female,Maurice
male,female,Vasily
male,female,Andrej
male,female,Daniel
male,female,Nealy
female,male,Ragnhild
female,male,Gretal
female,male,Heather
male,female,Darian
male,female,Andrey
male,female,Emanuel
female,male,Suzi
female,male,Rhody
female,male,Josephine
female,male,Beilul
male,female,Niven
male,female,Damien
female,male,Bren
female,male,Paule
male,female,Jeffie
male,female,Daren
female,male,Mommy
male,female,Andri
female,male,Loren
female,male,Tim
male,female,Nils
female,male,Tish
male,female,Sinclair
female,male,Marris
male,female,Clair
male,female,Aamir
male,female,Matt
female,male,Shaun
female,male,Gussie
male,female,Slade
male,female,Jerome
male,female,Florian
female,male,Heloise
male,female,Joshua
male,female,Dorian
male,female,Bay
female,male,Berny
female,male,Raquel
female,male,Shell
male,female,Kelly
female,male,Vin
female,male,Robyn
female,male,Theo
female,male,Beau
female,male,Star
female,male,Shawnee
female,male,Margeaux
male,female,Julie
female,male,Stormi
male,female,Leonidas
male,female,Coleman
male,female,Reilly
female,male,Deloris
male,female,Rickie
female,male,Robinett
male,female,Abbie
female,male,Suzzy
female,male,Wallis
female,male,Austin
female,male,Carmon
male,female,Vasili
female,male,Betsey
female,male,Honor
female,male,Roseann
female,male,Margurite
male,female,Gayle
male,female,Clinten
male,female,Etienne
female,male,Hildy
